{"slope": 0.0589851847339301, "intercept": -6.66049109381706}